419095881	Base Layer.k00 0 -> Base Layer.k00
436315962	k01 -> k01 0
3449315104	Base Layer.k04 0
1263584460	k06 0
2850150771	AnyState -> k08
4281905304	Entry -> Base Layer.k08
2479358307	Base Layer.k01
1302005287	k03 0
3457977166	Base Layer.k06 0
1160855445	k04
1221857442	k04 0
3612386766	AnyState -> k05
3838783989	Base Layer.k00
895208218	k01
3819107820	Base Layer.k04
1283945406	k08
3369552293	Base Layer.k03 0
2263091260	Entry -> Base Layer.k01
0	
2891094688	k02
3922048895	k08 -> k08 0
302101152	k00 0 -> k00
23966416	Loop
411082143	Entry -> Base Layer.k06
2805616961	AnyState -> k00
3493683671	AnyState -> k01
252541542	k08 0 -> k08
3398563836	Base Layer.k00 0
1403181746	Base Layer.k00 -> Base Layer.k00 0
4136565939	Entry -> Base Layer.k04
2058069078	Base Layer.k07
1104079302	k08 0
2702353350	Base Layer.k06 -> Base Layer.k06 0
1280928784	k02 0
1113389964	k00
4135348178	k06 0 -> k06
1314518132	AnyState -> k06
225322475	Base Layer.k04 0 -> Base Layer.k04
1228157037	AnyState -> k02
2218954091	k05 0 -> k05
180441305	Base Layer.k02
3034714017	Base Layer.k02 -> Base Layer.k02 0
1251127035	k07 0
4017747634	Base Layer.k07 0 -> Base Layer.k07
4209849872	Base Layer.k03 0 -> Base Layer.k03
4058200234	Entry -> Base Layer.k00
3679824438	k03
2493891962	Base Layer.k05
4209225365	k04 -> k04 0
842403587	k05
869491725	Base Layer.k08 0 -> Base Layer.k08
128206266	Base Layer.k06 0 -> Base Layer.k06
2017690236	Base Layer.k08 -> Base Layer.k08 0
3487490425	Base Layer.k07 0
1614764057	k03 0 -> k03
1857633402	k07 0 -> k07
1043529979	AnyState -> k03
1057639023	Base Layer.k07 -> Base Layer.k07 0
3428463895	Base Layer.k05 0
2105523844	GravityWeight
1310708297	k01 0
493921129	k03 -> k03 0
1760192784	Entry -> Base Layer.k03
3296896580	Base Layer.k08 0
3927226823	Base Layer.k08
962512098	AnyState -> k07
3853752035	Base Layer.k05 0 -> Base Layer.k05
4177134513	k02 0 -> k02
2328160520	k01 0 -> k01
3411254731	Base Layer.k01 0
721085960	Base Layer.k03 -> Base Layer.k03 0
4084245088	k02 -> k02 0
350465948	k05 -> k05 0
1179809493	Base Layer.k04 -> Base Layer.k04 0
2110152783	Base Layer.k03
328379343	k07 -> k07 0
4029109825	Base Layer.k01 0 -> Base Layer.k01
1339930750	k00 0
1871162633	Entry -> Base Layer.k07
535648646	Entry -> Base Layer.k02
2173291557	Entry -> Base Layer.k05
1226209941	k05 0
3694685743	k07
2873056953	k06
756556552	Base Layer
229414080	Base Layer.k06
3451532059	Base Layer.k01 -> Base Layer.k01 0
4093748787	k00 -> k00 0
305169688	Base Layer.k02 0 -> Base Layer.k02
4254247622	k06 -> k06 0
3628769148	Base Layer.k05 -> Base Layer.k05 0
3373605778	Base Layer.k02 0
2690094424	AnyState -> k04
478664387	k04 0 -> k04
