419095881	Base Layer.k00 0 -> Base Layer.k00
1614764057	k03 0 -> k03
1043529979	AnyState -> k03
436315962	k01 -> k01 0
2105523844	GravityWeight
2479358307	Base Layer.k01
1310708297	k01 0
493921129	k03 -> k03 0
1302005287	k03 0
1760192784	Entry -> Base Layer.k03
3838783989	Base Layer.k00
895208218	k01
4177134513	k02 0 -> k02
2263091260	Entry -> Base Layer.k01
3369552293	Base Layer.k03 0
2328160520	k01 0 -> k01
0	
3411254731	Base Layer.k01 0
721085960	Base Layer.k03 -> Base Layer.k03 0
4084245088	k02 -> k02 0
2891094688	k02
302101152	k00 0 -> k00
23966416	Loop
2805616961	AnyState -> k00
3493683671	AnyState -> k01
2110152783	Base Layer.k03
3398563836	Base Layer.k00 0
1403181746	Base Layer.k00 -> Base Layer.k00 0
4029109825	Base Layer.k01 0 -> Base Layer.k01
1339930750	k00 0
1280928784	k02 0
535648646	Entry -> Base Layer.k02
1113389964	k00
1228157037	AnyState -> k02
180441305	Base Layer.k02
756556552	Base Layer
3034714017	Base Layer.k02 -> Base Layer.k02 0
3451532059	Base Layer.k01 -> Base Layer.k01 0
4093748787	k00 -> k00 0
305169688	Base Layer.k02 0 -> Base Layer.k02
4209849872	Base Layer.k03 0 -> Base Layer.k03
3373605778	Base Layer.k02 0
3679824438	k03
4058200234	Entry -> Base Layer.k00
